Workbook

Sheet Data
B1: Design | C1: % Error
A2: 1 | B2: 100 | C2: =(Calculator!E3-Data!B2)/B2 -> -0.0071333333
A3: 2 | B3: 50 | C3: =(Calculator!E4-Data!B3)/B3 -> -0.0059333333
A4: 3 | B4: 100 | C4: =(Calculator!E5-Data!B4)/B4 -> 0.00066666667
A5: 4 | B5: 50 | C5: =(Calculator!E6-Data!B5)/B5 -> -0.0058666667 | E5: =AVERAGE(C2:C5) -> -0.0045666667
A6: 5 | B6: 100 | C6: =(Calculator!E7-Data!B6)/B6 -> 0.0039333333
A7: 6 | B7: 50 | C7: =(Calculator!E8-Data!B7)/B7 -> 0.0042666667
A8: 7 | B8: 100 | C8: =(Calculator!E9-Data!B8)/B8 -> 0.0004
A9: 8 | B9: 50 | C9: =(Calculator!E10-Data!B9)/B9 -> 0.0016666667 | E9: =AVERAGE(C6:C9) -> 0.0025666667
A10: 11
A12: H1 (a) | B12: =70.004*(1+E5) -> 69.684315
A13: H2 (b) | B13: =SQRT(((Calculator!E12^2)+(Calculator!E11^2)-2*(B12^2))/2) -> 71.550297
A14: Angle | B14: =DEGREES(ACOS(((Calculator!E11^2)-(B12^2)-(B13^2))/(2*B12*B13))) -> 90.019129
A15: Skew | B15: =90-B14 -> -0.019128854
A17: Klipper
A18: ="SET_SKEW XY="&ROUND(Calculator!E12,2)&","&ROUND(Calculator!E11,2)&","&ROUND(B12,2) -> SET_SKEW XY=99.89,99.86,69.68
A19: SKEW_PROFILE SAVE=my_skew_profile
A20: GET_CURRENT_SKEW
A22: Marlin
A23: if ENABLED(SKEW_CORRECTION)
A24: =" define XY_DIAG_AC " & Calculator!E12 -> define XY_DIAG_AC 99.8933333333333
A25: =" define XY_DIAG_BD " & Calculator!E11 -> define XY_DIAG_BD 99.86
A26: =" define XY_SIDE_AD " &B12 -> define XY_SIDE_AD 69.6843150666667
A27: =" define XY_SKEW_FACTOR " & ROUND(B32,3) -> define XY_SKEW_FACTOR 0.02
A29: AC | B29: =Calculator!E12 -> 99.893333
A30: AB | B30: =70.004*(1+E9) -> 70.183677
A31: AD | B31: =B12 -> 69.684315
A32: Skew Factor | B32: =TAN(PI()/2-ACOS(((B29^2)-(B30^2)-(B31^2))/(2*B30*B31))) -> 0.020146982
A36: RRF

Sheet Calculator
A1: Measurements
B2: Reading 1 | C2: Reading 2 | D2: Reading 3 | E2: Average
A3: 1 | B3: 99.25 | C3: 99.32 | D3: 99.29 | E3: =AVERAGE(B3:D3) -> 99.286667
A4: 2 | B4: 49.72 | C4: 49.69 | D4: 49.7 | E4: =AVERAGE(B4:D4) -> 49.703333
A5: 3 | B5: 100.07 | C5: 100.05 | D5: 100.08 | E5: =AVERAGE(B5:D5) -> 100.06667
A6: 4 | B6: 49.63 | C6: 49.79 | D6: 49.7 | E6: =AVERAGE(B6:D6) -> 49.706667
A7: 5 | B7: 100.41 | C7: 100.35 | D7: 100.42 | E7: =AVERAGE(B7:D7) -> 100.39333
A8: 6 | B8: 50.18 | C8: 50.26 | D8: 50.2 | E8: =AVERAGE(B8:D8) -> 50.213333
A9: 7 | B9: 99.93 | C9: 100 | D9: 100.19 | E9: =AVERAGE(B9:D9) -> 100.04
A10: 8 | B10: 50.03 | C10: 50.11 | D10: 50.11 | E10: =AVERAGE(B10:D10) -> 50.083333
A11: 9 | B11: 99.91 | C11: 99.83 | D11: 99.84 | E11: =AVERAGE(B11:D11) -> 99.86
A12: 10 | B12: 99.9 | C12: 99.93 | D12: 99.85 | E12: =AVERAGE(B12:D12) -> 99.893333
A14: Results
B15: Error | C15: Correction
A16: X | B16: =Data!E5 -> -0.0045666667 | C16: =B16*-1 -> 0.0045666667
A17: Y | B17: =Data!E9 -> 0.0025666667 | C17: =B17*-1 -> -0.0025666667
A19: Skew | B19: =Data!B15 -> -0.019128854 | C19: =-B19 -> 0.019128854
A22: Fix Skew
A23: Klipper G Code Fix
B25: =Data!A18 -> SET_SKEW XY=99.89,99.86,69.68
B26: =Data!A19 -> SKEW_PROFILE SAVE=my_skew_profile
A29: Marlin Firmware Adjustment
B31: =Data!A23 -> if ENABLED(SKEW_CORRECTION)
B32: =Data!A27 -> define XY_SKEW_FACTOR 0.02
